Workbook

Sheet Pivot Table
A3: Row Labels | B3: Average of Performance(0 - 100 )KM/H | C3: Count of Fuel Types | D3: Average of Horse Power Final | E3: Average of Car Prices Final | F3: Average of Seats | G3: Median of Car Prices Final | I3: Car Lookup
A4: Acura | B4: 5.6777778 | C4: 27 | D4: 311.03704 | E4: 63259.259 | F4: 5 | G4: {=MEDIAN(IF('Cars Datasets 2025'!$A$2:$A$1203=$A4,'Cars Datasets 2025'!$H$2:$H$1203))} -> 50000 | I4: Car Name (input) | J4: 911 GT3 RS
A5: Aston Martin | B5: 3.5272727 | C5: 11 | D5: 701.09091 | E5: 752949.09 | F5: 2.8181818 | G5: {=MEDIAN(IF('Cars Datasets 2025'!$A$2:$A$1203=$A5,'Cars Datasets 2025'!$H$2:$H$1203))} -> 294000 | I5: Engine | J5: =IFERROR(VLOOKUP($J$4,'Cars Datasets 2025'!$B$2:$K$1203,2,FALSE),"Not found") -> 4.0L Naturally Aspirated Flat-6
A6: Audi | B6: 5.1619048 | C6: 21 | D6: 393.19048 | E6: 82870.952 | F6: 4.5714286 | G6: {=MEDIAN(IF('Cars Datasets 2025'!$A$2:$A$1203=$A6,'Cars Datasets 2025'!$H$2:$H$1203))} -> 64000 | I6: CC / Battery Capacity | J6: =IFERROR(VLOOKUP($J$4,'Cars Datasets 2025'!$B$2:$K$1203,3,FALSE),"Not found") -> 3996
A7: Bentley | B7: 4 | C7: 1 | D7: 550 | E7: 311000 | F7: 4 | G7: {=MEDIAN(IF('Cars Datasets 2025'!$A$2:$A$1203=$A7,'Cars Datasets 2025'!$H$2:$H$1203))} -> 311000 | I7: Horse Power | J7: =IFERROR(VLOOKUP($J$4,'Cars Datasets 2025'!$B$2:$K$1203,4,FALSE),"Not found") -> 518
A8: Bmw | B8: 6.8804878 | C8: 41 | D8: 274.53659 | E8: 67317.073 | F8: 4.7317073 | G8: {=MEDIAN(IF('Cars Datasets 2025'!$A$2:$A$1203=$A8,'Cars Datasets 2025'!$H$2:$H$1203))} -> 39000 | I8: Total Speed (km/h) | J8: =IFERROR(VLOOKUP($J$4,'Cars Datasets 2025'!$B$2:$K$1203,5,FALSE),"Not found") -> 296
A9: Bugatti | B9: 2.4 | C9: 10 | D9: 1565 | E9: 5870000 | F9: 2 | G9: {=MEDIAN(IF('Cars Datasets 2025'!$A$2:$A$1203=$A9,'Cars Datasets 2025'!$H$2:$H$1203))} -> 4000000 | I9: 0-100 km/h (sec) | J9: =IFERROR(VLOOKUP($J$4,'Cars Datasets 2025'!$B$2:$K$1203,6,FALSE),"Not found") -> 3.2
A10: Cadillac | B10: 5.94 | C10: 20 | D10: 368.4 | E10: 62178.5 | F10: 5.6 | G10: {=MEDIAN(IF('Cars Datasets 2025'!$A$2:$A$1203=$A10,'Cars Datasets 2025'!$H$2:$H$1203))} -> 54095 | I10: Price ($) | J10: =IFERROR(VLOOKUP($J$4,'Cars Datasets 2025'!$B$2:$K$1203,7,FALSE),"Not found") -> 241300
A11: Chevrolet | B11: 7.3285714 | C11: 56 | D11: 303.71429 | E11: 44808.036 | F11: 5.6428571 | G11: {=MEDIAN(IF('Cars Datasets 2025'!$A$2:$A$1203=$A11,'Cars Datasets 2025'!$H$2:$H$1203))} -> 43600 | I11: Fuel Type | J11: =IFERROR(VLOOKUP($J$4,'Cars Datasets 2025'!$B$2:$K$1203,8,FALSE),"Not found") -> Petrol
A12: Ferrari | B12: 3.0333333 | C12: 9 | D12: 709.88889 | E12: 512222.22 | F12: 2.8888889 | G12: {=MEDIAN(IF('Cars Datasets 2025'!$A$2:$A$1203=$A12,'Cars Datasets 2025'!$H$2:$H$1203))} -> 280000 | I12: Seats | J12: =IFERROR(VLOOKUP($J$4,'Cars Datasets 2025'!$B$2:$K$1203,9,FALSE),"Not found") -> 2
A13: Ford | B13: 7.4 | C13: 53 | D13: 319.41509 | E13: 54211.604 | F13: 5.490566 | G13: {=MEDIAN(IF('Cars Datasets 2025'!$A$2:$A$1203=$A13,'Cars Datasets 2025'!$H$2:$H$1203))} -> 45000 | I13: Torque | J13: =IFERROR(VLOOKUP($J$4,'Cars Datasets 2025'!$B$2:$K$1203,10,FALSE),"Not found") -> 465
A14: Gmc | B14: 6.8542373 | C14: 59 | D14: 344.71698 | E14: 63293.475 | F14: 5.779661 | G14: {=MEDIAN(IF('Cars Datasets 2025'!$A$2:$A$1203=$A14,'Cars Datasets 2025'!$H$2:$H$1203))} -> 60000 | I14: Company | J14: =IFERROR(INDEX('Cars Datasets 2025'!$A$2:$A$1203,MATCH($J$4,'Cars Datasets 2025'!$B$2:$B$1203,0)),"Not found") -> Porsche
A15: Honda | B15: 7.5428571 | C15: 7 | D15: 205.57143 | E15: 29364.286 | F15: 5.4285714 | G15: {=MEDIAN(IF('Cars Datasets 2025'!$A$2:$A$1203=$A15,'Cars Datasets 2025'!$H$2:$H$1203))} -> 29400
A16: Hyundai | B16: 7.8545455 | C16: 23 | D16: 198.17391 | E16: 31495.609 | F16: 5.0869565 | G16: {=MEDIAN(IF('Cars Datasets 2025'!$A$2:$A$1203=$A16,'Cars Datasets 2025'!$H$2:$H$1203))} -> 25000 | I16: Brand Lookup
A17: Jaguar Land Rover | B17: 5.3461538 | C17: 40 | D17: 357.20513 | E17: 72435.897 | F17: 4.25 | G17: {=MEDIAN(IF('Cars Datasets 2025'!$A$2:$A$1203=$A17,'Cars Datasets 2025'!$H$2:$H$1203))} -> 67500 | I17: Brand (input) | J17: Toyota
A18: Jeep | B18: 7.0684211 | C18: 19 | D18: 318.89474 | E18: 51439.211 | F18: 5.2631579 | G18: {=MEDIAN(IF('Cars Datasets 2025'!$A$2:$A$1203=$A18,'Cars Datasets 2025'!$H$2:$H$1203))} -> 44500 | I18: Avg 0-100 km/h (sec) | J18: =IFERROR(VLOOKUP($J$17,$A$4:$G$34,2,FALSE),"Not found") -> 8.1545455
A19: Kia | B19: 7.8507042 | C19: 71 | D19: 216.28169 | E19: 36014.085 | F19: 5.5492958 | G19: {=MEDIAN(IF('Cars Datasets 2025'!$A$2:$A$1203=$A19,'Cars Datasets 2025'!$H$2:$H$1203))} -> 34500 | I19: Model Count | J19: =IFERROR(VLOOKUP($J$17,$A$4:$G$34,3,FALSE),"Not found") -> 49
A20: Lamborghini | B20: 3.0375 | C20: 24 | D20: 691.54167 | E20: 650083.33 | F20: 2.5 | G20: {=MEDIAN(IF('Cars Datasets 2025'!$A$2:$A$1203=$A20,'Cars Datasets 2025'!$H$2:$H$1203))} -> 334500 | I20: Avg Horse Power | J20: =IFERROR(VLOOKUP($J$17,$A$4:$G$34,4,FALSE),"Not found") -> 235.93478
A21: Mahindra | B21: 10.733333 | C21: 3 | D21: 148.33333 | E21: 18400 | F21: 6 | G21: {=MEDIAN(IF('Cars Datasets 2025'!$A$2:$A$1203=$A21,'Cars Datasets 2025'!$H$2:$H$1203))} -> 18400 | I21: Avg Price | J21: =IFERROR(VLOOKUP($J$17,$A$4:$G$34,5,FALSE),"Not found") -> 42876.333
A22: Maruti Suzuki | B22: 11.966667 | C22: 3 | D22: 89.666667 | E22: 12066.667 | F22: 5 | G22: {=MEDIAN(IF('Cars Datasets 2025'!$A$2:$A$1203=$A22,'Cars Datasets 2025'!$H$2:$H$1203))} -> 11400 | I22: Avg Seats | J22: =IFERROR(VLOOKUP($J$17,$A$4:$G$34,6,FALSE),"Not found") -> 5.5918367
A23: Mazda | B23: 10.419767 | C23: 87 | D23: 154.68605 | E23: 93825.581 | F23: 4.4137931 | G23: {=MEDIAN(IF('Cars Datasets 2025'!$A$2:$A$1203=$A23,'Cars Datasets 2025'!$H$2:$H$1203))} -> 22500 | I23: Median Price | J23: =IFERROR(VLOOKUP($J$17,$A$4:$G$34,7,FALSE),"Not found") -> 38400
A24: Mercedes | B24: 4.7571429 | C24: 21 | D24: 432.85714 | E24: 84190.476 | F24: 4.952381 | G24: {=MEDIAN(IF('Cars Datasets 2025'!$A$2:$A$1203=$A24,'Cars Datasets 2025'!$H$2:$H$1203))} -> 70000
A25: Mitsubishi | B25: 11.038182 | C25: 60 | D25: 147.3 | E25: 28850 | F25: 5.35 | G25: {=MEDIAN(IF('Cars Datasets 2025'!$A$2:$A$1203=$A25,'Cars Datasets 2025'!$H$2:$H$1203))} -> 27500
A26: Nissan | B26: 8.5407643 | C26: 157 | D26: 311.36364 | E26: 59674.777 | F26: 5.0254777 | G26: {=MEDIAN(IF('Cars Datasets 2025'!$A$2:$A$1203=$A26,'Cars Datasets 2025'!$H$2:$H$1203))} -> 35000
A27: Peugeot | B27: 8.6735849 | C27: 53 | D27: 176.73585 | E27: 35047.17 | F27: 5.1132075 | G27: {=MEDIAN(IF('Cars Datasets 2025'!$A$2:$A$1203=$A27,'Cars Datasets 2025'!$H$2:$H$1203))} -> 35000
A28: Porsche | B28: 4.2120879 | C28: 91 | D28: 482.34286 | E28: 141291.21 | F28: 3.8131868 | G28: {=MEDIAN(IF('Cars Datasets 2025'!$A$2:$A$1203=$A28,'Cars Datasets 2025'!$H$2:$H$1203))} -> 116000
A29: Rolls Royce | B29: 4.91 | C29: 30 | D29: 584 | E29: 390400 | F29: 4.5333333 | G29: {=MEDIAN(IF('Cars Datasets 2025'!$A$2:$A$1203=$A29,'Cars Datasets 2025'!$H$2:$H$1203))} -> 377500
A30: Tata Motors | B30: 13.460714 | C30: 28 | D30: 98.869565 | E30: 12507.143 | F30: 5.3214286 | G30: {=MEDIAN(IF('Cars Datasets 2025'!$A$2:$A$1203=$A30,'Cars Datasets 2025'!$H$2:$H$1203))} -> 10750
A31: Tesla | B31: 3.51 | C31: 10 | D31: 693.1 | E31: 87032 | F31: 5.3 | G31: {=MEDIAN(IF('Cars Datasets 2025'!$A$2:$A$1203=$A31,'Cars Datasets 2025'!$H$2:$H$1203))} -> 79195
A32: Toyota | B32: 8.1545455 | C32: 49 | D32: 235.93478 | E32: 42876.333 | F32: 5.5918367 | G32: {=MEDIAN(IF('Cars Datasets 2025'!$A$2:$A$1203=$A32,'Cars Datasets 2025'!$H$2:$H$1203))} -> 38400
A33: Volkswagen | B33: 8.5216981 | C33: 106 | D33: 191.40952 | E33: 36592.783 | F33: 4.9339623 | G33: {=MEDIAN(IF('Cars Datasets 2025'!$A$2:$A$1203=$A33,'Cars Datasets 2025'!$H$2:$H$1203))} -> 33000
A34: Volvo | B34: 14.4 | C34: 12 | D34: 408.25 | E34: 97083.333 | F34: 2.9166667 | G34: {=MEDIAN(IF('Cars Datasets 2025'!$A$2:$A$1203=$A34,'Cars Datasets 2025'!$H$2:$H$1203))} -> 97500
A35: Grand Total | B35: 7.5801352 | C35: 1202 | D35: 311.20138 | E35: 139642.56 | F35: 4.8785358 | G35: =MEDIAN('Cars Datasets 2025'!$H$2:$H$1203) -> 42647.5

Sheet Cars Datasets 2025
A1: Company Names | B1: Cars Names | C1: Engines | D1: CC/Battery Capacity | E1: Horse Power Final | F1: Total Speed | G1: Performance(0 - 100 )KM/H | H1: Car Prices Final | I1: Fuel Types | J1: Seats | K1: Torque Final
A2: Bugatti | B2: La Voiture Noire | C2: 8.0L Quad-Turbo W16 | D2: 7993 | E2: 1500 | F2: 420 | G2: 2.5 | H2: 18000000 | I2: Petrol | J2: 2 | K2: 1600
A3: Bugatti | B3: Centodieci | C3: 8.0L Quad-Turbo W16 | D3: 7993 | E3: 1600 | F3: 380 | G3: 2.4 | H3: 9000000 | I3: Petrol | J3: 2 | K3: 1600
A4: Mazda | B4: 787B (Race Car) | C4: 2.6L Wankel Rotary Engine | D4: 2620 | E4: 700 | F4: 320 | G4: 3.5 | H4: 6000000 | I4: Petrol | J4: 1 | K4: 500
A5: Bugatti | B5: Divo | C5: 8.0L Quad-Turbo W16 | D5: 7993 | E5: 1500 | F5: 380 | G5: 2.4 | H5: 5800000 | I5: Petrol | J5: 2 | K5: 1600
A6: Bugatti | B6: Mistral | C6: 8.0L Quad-Turbo W16 | D6: 7993 | E6: 1600 | F6: 420 | G6: 2.4 | H6: 5000000 | I6: Petrol | J6: 2 | K6: 1600
A7: Bugatti | B7: Bolide | C7: 8.0L Quad-Turbo W16 | D7: 7993 | E7: 1850 | F7: 500 | G7: 2.2 | H7: 4500000 | I7: Petrol | J7: 2 | K7: 1600
A8: Lamborghini | B8: VENENO ROADSTER | C8: V12 | D8: 6498 | E8: 750 | F8: 356 | G8: 2.9 | H8: 4500000 | I8: Petrol | J8: 2 | K8: 690
A9: Bugatti | B9: Chiron Super Sport | C9: 8.0L Quad-Turbo W16 | D9: 7993 | E9: 1600 | F9: 490 | G9: 2.4 | H9: 3500000 | I9: Petrol | J9: 2 | K9: 1600
A10: Bugatti | B10: Chiron Pur Sport | C10: 8.0L Quad-Turbo W16 | D10: 7993 | E10: 1500 | F10: 350 | G10: 2.3 | H10: 3300000 | I10: Petrol | J10: 2 | K10: 1600
A11: Bugatti | B11: Chiron Sport | C11: 8.0L Quad-Turbo W16 | D11: 7993 | E11: 1500 | F11: 420 | G11: 2.4 | H11: 3300000 | I11: Petrol | J11: 2 | K11: 1600
A12: Bugatti | B12: Chiron Noire | C12: 8.0L Quad-Turbo W16 | D12: 7993 | E12: 1500 | F12: 420 | G12: 2.5 | H12: 3300000 | I12: Petrol | J12: 2 | K12: 1600
A13: Aston Martin | B13: VALKYRIE | C13: V12 | D13: 6496 | E13: 1160 | F13: 402 | G13: 2.5 | H13: 3200000 | I13: Hybrid | J13: 2 | K13: 900
... A20: Ferrari | B20: SF90 STRADALE | C20: V8 | D20: 3990 | E20: 963 | F20: 340 | G20: 2.5 | H20: 1100000 | I20: Plug-in Hybrid | J20: 2 | K20: 800
A21: Nissan | B21: GT-R50 by Italdesign | C21: 3.8L Twin-Turbo V6 | D21: 3799 | F21: 315 | G21: 2.5 | H21: 1100000 | I21: Petrol | J21: 2 | K21: 780
A22: Nissan | B22: R390 GT1 Road Car | C22: 3.5L Twin-Turbo V8 | D22: 3495 | F22: 354 | G22: 3.3 | H22: 1000000 | I22: Petrol | J22: 2 | K22: 637
A23: Porsche | B23: 911 RSR (Motorsport Edition) | C23: 4.2L Naturally Aspirated Flat-6 | D23: 4194 | E23: 515 | F23: 296 | G23: 3.1 | H23: 750000 | I23: Petrol | J23: 1 | K23: 480
A24: Lamborghini | B24: AVENTADOR SVJ XAGO | C24: V12 | D24: 6498 | E24: 759 | F24: 350 | G24: 2.9 | H24: 603000 | I24: Petrol | J24: 2 | K24: 720
A25: Nissan | B25: GT-R LM NISMO | C25: 3.0L Twin-Turbo V6 Hybrid | D25: 3000 | F25: 320 | G25: 3 | H25: 600000 | I25: Hybrid | J25: 2 | K25: 650
A26: Lamborghini | B26: AVENTADOR SVJ ROADSTER | C26: V12 | D26: 6498 | E26: 759 | F26: 350 | G26: 2.9 | H26: 573000 | I26: Petrol | J26: 2 | K26: 720
A27: Lamborghini | B27: AVENTADOR LP 780-4 ULTIMATE ROADSTER | C27: V12 | D27: 6498 | E27: 769 | F27: 355 | G27: 2.8 | H27: 573000 | I27: Petrol | J27: 2 | K27: 720
A28: Lamborghini | B28: AVENTADOR ULTIMAE | C28: V12 | D28: 6498 | E28: 769 | F28: 355 | G28: 2.8 | H28: 545000 | I28: Petrol | J28: 2 | K28: 720
A29: Lamborghini | B29: AVENTADOR LP 780-4 ULTIMATE | C29: V12 | D29: 6498 | E29: 769 | F29: 355 | G29: 2.8 | H29: 545000 | I29: Petrol | J29: 2 | K29: 720
A30: Lamborghini | B30: AVENTADOR SVJ | C30: V12 | D30: 6498 | E30: 759 | F30: 350 | G30: 2.8 | H30: 518000 | I30: Petrol | J30: 2 | K30: 720
A31: Rolls Royce | B31: PHANTOM CELESTIAL | C31: V12 | D31: 6749 | E31: 563 | F31: 250 | G31: 5.3 | H31: 515000 | I31: Petrol | J31: 5 | K31: 900
A32: Rolls Royce | B32: PHANTOM EXTENDED | C32: V12 | D32: 6749 | E32: 563 | F32: 250 | G32: 5.3 | H32: 500000 | I32: Petrol | J32: 5 | K32: 900
A33: Ford | B33: GT | C33: 3.5L Twin-Turbo V6 | D33: 3500 | E33: 660 | F33: 348 | G33: 3 | H33: 500000 | I33: Petrol | J33: 2 | K33: 746
A34: McLaren | B34: Mclaren 720s | C34: V8 | D34: 3994 | E34: 710 | F34: 341 | G34: 2.9 | H34: 499000 | I34: Petrol | J34: 2 | K34: 770
A35: Rolls Royce | B35: PHATOM ORCHID | C35: V12 | D35: 6749 | E35: 563 | F35: 250 | G35: 5.3 | H35: 495000 | I35: Petrol | J35: 5 | K35: 900
A36: Lamborghini | B36: AVENTADOR SV | C36: V12 | D36: 6498 | E36: 740 | F36: 350 | G36: 2.8 | H36: 493000 | I36: Petrol | J36: 2 | K36: 690
A37: Rolls Royce | B37: PHATOM TRANQUILITY | C37: V12 | D37: 6749 | E37: 563 | F37: 250 | G37: 5.3 | H37: 475000 | I37: Petrol | J37: 5 | K37: 900
... A99: Ferrari | B99: PORTOFINO M | C99: V8 | D99: 3900 | E99: 612 | F99: 320 | G99: 3.2 | H99: 220000 | I99: Petrol | J99: 4 | K99: 760
A100: Nissan | B100: GT-R NISMO | C100: 3.8L Twin-Turbo V6 | D100: 3799 | F100: 330 | G100: 2.9 | H100: 220000 | I100: Petrol | J100: 2 | K100: 652
A101: Nissan | B101: GT-R Egoist | C101: 3.8L Twin-Turbo V6 | D101: 3799 | F101: 315 | G101: 2.8 | H101: 220000 | I101: Petrol | J101: 2 | K101: 637
A102: Lamborghini | B102: URUS | C102: V8 | D102: 3996 | E102: 641 | F102: 305 | G102: 3.6 | H102: 211000 | I102: Petrol | J102: 5 | K102: 850
A103: Ferrari | B103: PORTOFINO | C103: V8 | D103: 3900 | E103: 592 | F103: 320 | G103: 3.2 | H103: 210000 | I103: Petrol | J103: 4 | K103: 760
A104: Aston Martin | B104: DB11 | C104: V12 | D104: 5204 | E104: 600 | F104: 322 | G104: 3.9 | H104: 208000 | I104: Petrol | J104: 4 | K104: 700
A105: Porsche | B105: 911 Turbo S Coupe | C105: 3.8L Twin-Turbo Flat-6 | D105: 3745 | E105: 640 | F105: 330 | G105: 2.7 | H105: 207000 | I105: Petrol | J105: 4 | K105: 800
A106: Porsche | B106: Panamera Turbo S E-Hybrid Sport Turismo | C106: 4.0L Twin-Turbo V8 + Electric Motor | D106: 3996 | E106: 690 | F106: 315 | G106: 3.2 | H106: 200200 | I106: Hybrid | J106: 4 | K106: 870
A107: Mercedes | B107: BENZ MAYBACH S 680 | C107: V12 | D107: 5980 | E107: 630 | F107: 250 | G107: 4.7 | H107: 200000 | I107: Petrol | J107: 5 | K107: 1000
A108: Tesla | B108: Roadster 2 | C108: Quad Electric Motors | E108: 1288 | F108: 402 | G108: 1.9 | H108: 200000 | I108: Electric | J108: 4 | K108: 10000
A109: Porsche | B109: 911 Turbo | C109: 3.8L Twin-Turbo Flat-6 | D109: 3745 | E109: 572 | F109: 320 | G109: 2.7 | H109: 197200 | I109: Petrol | J109: 4 | K109: 750
A110: Audi | B110: R8 V10 PLUS | C110: V10 | D110: 5204 | E110: 610 | F110: 330 | G110: 3.2 | H110: 194000 | I110: Petrol | J110: 2 | K110: 560
A111: Aston Martin | B111: VANTAGE F1 | C111: V8 | D111: 3982 | E111: 656 | F111: 314 | G111: 3.6 | H111: 193440 | I111: Petrol | J111: 2 | K111: 685
A112: Porsche | B112: 911 Turbo Cabriolet Lightweight | C112: 3.8L Twin-Turbo Flat-6 | D112: 3745 | E112: 572 | F112: 318 | G112: 3 | H112: 191300 | I112: Petrol | J112: 4 | K112: 750
A113: Porsche | B113: Panamera Turbo S E-Hybrid | C113: 4.0L V8 + Electric Motor | F113: 315 | G113: 3.2 | H113: 190000 | I113: Petrol/Hybrid | J113: 4 | K113: 870
A114: Porsche | B114: Taycan Turbo S Cross Turismo | C114: Dual Electric Motors | E114: 750 | F114: 260 | G114: 2.9 | H114: 190000 | I114: Electric | J114: 4 | K114: 1050
A115: Aston Martin | B115: DBX | C115: V8 | D115: 3996 | E115: 542 | F115: 291 | G115: 4.5 | H115: 189000 | I115: Petrol | J115: 5 | K115: 700
A116: Porsche | B116: Taycan Turbo S | C116: Dual Electric Motors | E116: 750 | F116: 260 | G116: 2.8 | H116: 185000 | I116: Electric | J116: 4 | K116: 1050
A117: Nissan | B117: GT-R Black Edition | C117: 3.8L Twin-Turbo V6 | D117: 3799 | F117: 330 | G117: 2.8 | H117: 185000 | I117: Petrol | J117: 2 | K117: 652
A118: Porsche | B118: 911 Turbo Cabriolet | C118: 3.8L Twin-Turbo Flat-6 | D118: 3745 | E118: 572 | F118: 320 | G118: 2.9 | H118: 184100 | I118: Petrol | J118: 4 | K118: 750
A119: Porsche | B119: Cayenne Coupe Turbo E-Hybrid | C119: 4.0L Twin-Turbo V8 + Electric Motor | D119: 3996 | E119: 728 | F119: 295 | G119: 3.6 | H119: 182900 | I119: Hybrid | J119: 4 | K119: 950
A120: Porsche | B120: Cayenne Turbo GT | C120: 4.0L Twin-Turbo V8 | D120: 3996 | E120: 631 | F120: 300 | G120: 3.3 | H120: 182150 | I120: Petrol | J120: 4 | K120: 850
A121: Porsche | B121: Panamera Turbo S | C121: 4.0L V8 Twin Turbo | D121: 3996 | F121: 315 | G121: 3.1 | H121: 180000 | I121: Petrol | J121: 4 | K121: 820
A122: Porsche | B122: Panamera Turbo Executive | C122: 4.0L Twin-Turbo V8 | D122: 3996 | E122: 550 | F122: 306 | G122: 3.8 | H122: 175200 | I122: Petrol | J122: 4 | K122: 770
A123: Nissan | B123: GT-R V-Spec | C123: 3.8L Twin-Turbo V6 | D123: 3799 | F123: 330 | G123: 2.8 | H123: 175000 | I123: Petrol | J123: 2 | K123: 652
A124: Toyota | B124: CENTURY SUV | C124: 3.5L,V6,PLUG IN HYBRID | D124: 3456 | E124: 406 | F124: 200 | G124: 6 | H124: 170000 | I124: Petrol | J124: 5 | K124: 500
A125: Porsche | B125: Cayenne Turbo S E-Hybrid | C125: 4.0L V8 + Electric Motor | F125: 295 | G125: 3.6 | H125: 170000 | I125: Petrol/Hybrid | J125: 5 | K125: 900
A126: Porsche | B126: 911 GT3 Touring | C126: 4.0L Naturally Aspirated Flat-6 | D126: 3996 | E126: 502 | F126: 318 | G126: 3.9 | H126: 170000 | I126: Petrol | J126: 2 | K126: 470
A127: Porsche | B127: Cayenne Turbo S E-Hybrid Coupe | C127: 4.0L Twin-Turbo V8 + Electric Motor | D127: 3996 | E127: 670 | F127: 295 | G127: 3.6 | H127: 167800 | I127: Hybrid | J127: 4 | K127: 900
A128: Bmw | B128: I8 ROADSTER | C128: ELECTRIC MOTOR | E128: 369 | F128: 250 | G128: 4.4 | H128: 165000 | I128: Hybrid | J128: 2 | K128: 570
A129: Porsche | B129: 911 GT3 | C129: 4.0L Naturally Aspirated Flat-6 | D129: 3996 | E129: 502 | F129: 318 | G129: 3.4 | H129: 161100 | I129: Petrol | J129: 2 | K129: 469
A130: Mercedes | B130: GT 63 S | C130: V8 | D130: 3982 | E130: 630 | F130: 250 | G130: 3.2 | H130: 161000 | I130: Petrol | J130: 4 | K130: 900
A131: Volvo | B131: Volvo FH16 | C131: 16.1L I6 Turbo Diesel | D131: 16100 | E131: 750 | F131: 120 | G131: 14.5 | H131: 160000 | I131: Diesel | J131: 2 | K131: 3500
A132: Porsche | B132: 911 Targa 4 GTS | C132: 3.0L Twin-Turbo Flat-6 | D132: 2981 | E132: 473 | F132: 307 | G132: 3.5 | H132: 157300 | I132: Petrol | J132: 4 | K132: 570
A133: Acura | B133: NSX 3.5L Hybrid Coupe | C133: Twin-Turbo V6 Hybrid | D133: 3493 | E133: 537 | F133: 307 | G133: 2.9 | H133: 157000 | I133: Hybrid | J133: 2 | K133: 666
A134: Acura | B134: NSX Carbon Edition | C134: Twin-Turbo V6 Hybrid | D134: 3493 | E134: 537 | F134: 307 | G134: 2.9 | H134: 157000 | I134: Hybrid | J134: 2 | K134: 666
A135: Acura | B135: NSX Type S | C135: Twin-Turbo V6 Hybrid | E135: 600 | F135: 307 | G135: 2.9 | H135: 157000 | I135: Hybrid | J135: 2 | K135: 666
A136: Porsche | B136: Taycan Turbo | C136: Dual Electric Motors | E136: 670 | F136: 260 | G136: 3.2 | H136: 150900 | I136: Electric | J136: 4 | K136: 850
A137: Acura | B137: NSX GT3 (Track Version) | C137: Twin-Turbo V6 Hybrid | D137: 3493 | E137: 500 | F137: 300 | G137: 3 | H137: 150000 | I137: Hybrid | J137: 2 | K137: 600
A138: Volkswagen | B138: Volkswagen XL1 | C138: Plug-in Hybrid (0.8L I2 Diesel) | E138: 68 | F138: 160 | G138: 11.9 | H138: 150000 | I138: Hybrid | J138: 2 | K138: 140
A139: Cadillac | B139: Escalade V | C139: 6.2L Supercharged V8 Gasoline | D139: 6200 | E139: 682 | F139: 200 | G139: 4.4 | H139: 149990 | I139: Petrol | J139: 7 | K139: 885
A140: Bmw | B140: M8 GRAN COUPE | C140: V8 | D140: 4395 | E140: 523 | F140: 305 | G140: 3.3 | H140: 146000 | I140: Petrol | J140: 5 | K140: 750
A141: Porsche | B141: 911 Carrera GTS Lightweight | C141: 3.0L Twin-Turbo Flat-6 | D141: 2981 | E141: 473 | F141: 311 | G141: 3.2 | H141: 145300 | I141: Petrol | J141: 4 | K141: 570
A142: Bmw | B142: M5 CS | C142: V8 | D142: 4395 | E142: 627 | F142: 305 | G142: 3 | H142: 142000 | I142: Petrol | J142: 5 | K142: 750
A143: Aston Martin | B143: VANTAGE | C143: V8 | D143: 3996 | E143: 503 | F143: 313 | G143: 3.6 | H143: 142000 | I143: Petrol | J143: 2 | K143: 685
A144: Porsche | B144: 718 Cayman GT4 RS | C144: 4.0L Naturally Aspirated Flat-6 | D144: 3996 | E144: 493 | F144: 315 | G144: 3.2 | H144: 141700 | I144: Petrol | J144: 2 | K144: 450
A145: Porsche | B145: Taycan Cross Turismo GTS | C145: Dual Electric Motors | E145: 590 | F145: 250 | G145: 3.8 | H145: 139400 | I145: Electric | J145: 4 | K145: 620
A146: Porsche | B146: 911 Carrera 4 GTS | C146: 3.0L Twin-Turbo Flat-6 | D146: 2981 | E146: 473 | F146: 311 | G146: 3.3 | H146: 137000 | I146: Petrol | J146: 4 | K146: 570
A147: Porsche | B147: Panamera GTS Sport Turismo | C147: 4.0L Twin-Turbo V8 | D147: 3996 | E147: 473 | F147: 300 | G147: 3.9 | H147: 136900 | I147: Petrol | J147: 4 | K147: 620
A148: Porsche | B148: Taycan Sport Turismo GTS | C148: Dual Electric Motors | E148: 590 | F148: 250 | G148: 3.7 | H148: 136700 | I148: Electric | J148: 4 | K148: 620
A149: Porsche | B149: 911 Targa 4 Lightweight | C149: 3.0L Twin-Turbo Flat-6 | D149: 2981 | E149: 379 | F149: 289 | G149: 4.3 | H149: 135500 | I149: Petrol | J149: 4 | K149: 450
A150: Bmw | B150: M4 GTS | C150: I6 | D150: 2993 | E150: 493 | F150: 305 | G150: 3.7 | H150: 133000 | I150: Petrol | J150: 4 | K150: 600
A151: Porsche | B151: Taycan GTS | C151: Dual Electric Motors | E151: 590 | F151: 250 | G151: 3.5 | H151: 132750 | I151: Electric | J151: 4 | K151: 850
A152: Porsche | B152: 911 Carrera S | C152: 3.0L Twin-Turbo Flat-6 | D152: 2981 | E152: 443 | F152: 308 | G152: 3.5 | H152: 131300 | I152: Petrol | J152: 4 | K152: 528
A153: Porsche | B153: Cayenne Turbo | C153: 4.0L V8 Twin Turbo | D153: 3996 | F153: 286 | G153: 4 | H153: 130000 | I153: Petrol | J153: 5 | K153: 770
A154: Porsche | B154: Panamera GTS | C154: 4.0L V8 Twin Turbo | D154: 3996 | F154: 300 | G154: 3.9 | H154: 130000 | I154: Petrol | J154: 4 | K154: 620
A155: Porsche | B155: 911 Carrera S Cabriolet | C155: 3.0L Twin-Turbo Flat-6 | D155: 2981 | E155: 443 | F155: 304 | G155: 3.9 | H155: 129900 | I155: Petrol | J155: 4 | K155: 530
A156: Porsche | B156: Panamera 4S E-Hybrid Executive | C156: 2.9L Twin-Turbo V6 + Electric Motor | D156: 2894 | E156: 560 | F156: 295 | G156: 3.7 | H156: 128900 | I156: Hybrid | J156: 4 | K156: 750
A157: Volvo | B157: Volvo VNL | C157: 12.8L I6 Turbo Diesel | D157: 12800 | E157: 500 | F157: 120 | G157: 15 | H157: 125000 | I157: Diesel | J157: 2 | K157: 2400
A158: Porsche | B158: 911 Targa 4 | C158: 3.0L Twin-Turbo Flat-6 | D158: 2981 | E158: 379 | F158: 289 | G158: 4.4 | H158: 121300 | I158: Petrol | J158: 4 | K158: 450
A159: Porsche | B159: Panamera 4 E-Hybrid Sport Turismo | C159: 2.9L V6 + Electric Motor | F159: 280 | G159: 4.4 | H159: 120000 | I159: Petrol/Hybrid | J159: 4 | K159: 700
A160: Volvo | B160: Volvo FH | C160: 13.0L I6 Turbo Diesel | D160: 13000 | E160: 540 | F160: 120 | G160: 15 | H160: 120000 | I160: Diesel | J160: 2 | K160: 2600
A161: Volvo | B161: Volvo VHD | C161: 12.8L I6 Turbo Diesel | D161: 12800 | E161: 500 | F161: 100 | G161: 18 | H161: 120000 | I161: Diesel | J161: 2 | K161: 2500
A162: Jaguar Land Rover | B162: Jaguar F-Type SVR | C162: V8 Petrol | E162: 575 | F162: 320 | G162: 3.7 | H162: 120000 | I162: Petrol | J162: 2 | K162: 700
A163: Mercedes | B163: BENZ S-CLASS S 580 | C163: V8 | D163: 3982 | E163: 496 | F163: 250 | G163: 4.4 | H163: 116000 | I163: Petrol | J163: 5 | K163: 700
A164: Porsche | B164: 911 Sport Turismo | C164: 3.0L Twin-Turbo Flat-6 | D164: 2981 | E164: 379 | F164: 293 | G164: 4.4 | H164: 116000 | I164: Petrol | J164: 4 | K164: 450
A165: Porsche | B165: Panamera E-Hybrid | C165: 2.9L V6 + Electric Motor | F165: 280 | G165: 4.4 | H165: 115000 | I165: Petrol/Hybrid | J165: 4 | K165: 700
A166: Bmw | B166: X5 M COMPETITION | C166: V8 | D166: 4935 | E166: 523 | F166: 285 | G166: 4.1 | H166: 114000 | I166: Petrol | J166: 5 | K166: 750
A167: Audi | B167: RS7 SPORTBACK | C167: V8 | D167: 3993 | E167: 591 | F167: 305 | G167: 3.6 | H167: 114000 | I167: Petrol | J167: 5 | K167: 800
...
